1_tRNA1_Val	28283	28357
1_tRNA2_Ser	52211	52303
1_tRNA3_Ser	58449	58539
1_tRNA4_Asp	66917	66993
1_tRNA5_Asp	67090	67166
1_tRNA6_Val	67196	67270
1_tRNA7_Leu	73986	74070
1_tRNA8_Lys	74148	74223
1_tRNA9_His	74307	74383
1_tRNA10_Arg	74415	74491
1_tRNA11_Pro	74535	74611
1_tRNA12_Trp	164538	164613
1_tRNA13_Thr	165957	166032
1_tRNA14_Gly	166066	166139
1_tRNA15_Tyr	166169	166254
1_tRNA16_Gln	170088	170164
2_tRNA1_Ala	123789	123864
2_tRNA2_Pro	207530	207606
2_tRNA3_Glu	302882	302957
2_tRNA4_Ala	303011	303086
2_tRNA5_Glu	303834	303909
2_tRNA6_Ala	303957	304032
4_tRNA1_Phe	57632	57707
4_tRNA2_Pro	86928	87004
4_tRNA3_Val	133185	133259
4_tRNA4_Asn	136112	136188
4_tRNA5_Met	166201	166277
4_tRNA6_Leu	181411	181495
7_tRNA1_Lys	4638	4713
7_tRNA2_Gly	172729	172802
10_tRNA1_???	166610	166682
11_tRNA1_Arg	101692	101768
11_tRNA2_Arg	101865	101941
11_tRNA3_Glu	142190	142264
12_tRNA1_Gln	92748	92822
12_tRNA2_Met	92877	92953
13_tRNA1_Leu	91024	91110
19_tRNA1_Ser	9554	9643
22_tRNA1_Leu	62712	62798
