1_tRNA1_Thr	24958	25033
1_tRNA2_Val	194465	194539
1_tRNA3_Ser	218393	218485
1_tRNA4_Ser	224624	224714
1_tRNA5_Asp	233079	233155
1_tRNA6_Asp	233252	233328
1_tRNA7_Val	233358	233432
1_tRNA8_Leu	240174	240258
1_tRNA9_Lys	240336	240411
1_tRNA10_His	240495	240571
1_tRNA11_Arg	240603	240679
1_tRNA12_Pro	240723	240799
1_tRNA13_Trp	330771	330846
1_tRNA14_Thr	332190	332265
1_tRNA15_Gly	332299	332372
1_tRNA16_Tyr	332402	332487
1_tRNA17_Gln	336321	336397
2_tRNA1_Ala	222703	222778
2_tRNA2_Pro	306105	306181
2_tRNA3_Glu	401570	401645
2_tRNA4_Ala	401699	401774
2_tRNA5_Glu	402532	402607
2_tRNA6_Ala	402655	402730
3_tRNA1_Thr	27183	27258
5_tRNA1_Val	12669	12743
5_tRNA2_Asn	15596	15672
5_tRNA3_Met	44456	44532
5_tRNA4_Leu	59693	59777
7_tRNA1_Lys	86473	86548
10_tRNA1_Ser	11033	11122
13_tRNA1_Ser	42850	42942
15_tRNA1_Met	178	253
24_tRNA1_Gly	6461	6534
