CP142009.1_tRNA1_Gln	560745	560819
CP142009.1_tRNA2_Met	560874	560950
CP142009.1_tRNA3_Ala	2185589	2185664
CP142009.1_tRNA4_Pro	2269829	2269905
CP142009.1_tRNA5_Glu	2365291	2365366
CP142009.1_tRNA6_Ala	2365420	2365495
CP142009.1_tRNA7_Glu	2366243	2366318
CP142009.1_tRNA8_Ala	2366366	2366441
CP142009.1_tRNA9_Leu	2493943	2494027
CP142009.1_tRNA10_Arg	2887163	2887239
CP142009.1_tRNA11_Ser	2963601	2963693
CP142009.1_tRNA12_Ser	3123700	3123789
CP142009.1_tRNA13_Thr	3672443	3672518
CP142009.1_tRNA14_Val	3847516	3847590
CP142009.1_tRNA15_Ser	3871444	3871536
CP142009.1_tRNA16_Ser	3877674	3877763
CP142009.1_tRNA17_Asp	3886139	3886215
CP142009.1_tRNA18_Asp	3886312	3886388
CP142009.1_tRNA19_Val	3886418	3886492
CP142009.1_tRNA20_Leu	3893207	3893291
CP142009.1_tRNA21_Lys	3893369	3893444
CP142009.1_tRNA22_His	3893528	3893604
CP142009.1_tRNA23_Arg	3893636	3893712
CP142009.1_tRNA24_Pro	3893756	3893832
CP142009.1_tRNA25_Trp	3983758	3983833
CP142009.1_tRNA26_Thr	3985177	3985252
CP142009.1_tRNA27_Gly	3985286	3985359
CP142009.1_tRNA28_Tyr	3985389	3985474
CP142009.1_tRNA29_Gln	3989308	3989384
CP142009.1_tRNA30_Met	4476511	4476586
CP142009.1_tRNA31_Ile	4597409	4597485
CP142009.1_tRNA32_Ala	4597505	4597580
CP142009.1_tRNA33_Thr	4695806	4695881
CP142009.1_tRNA34_Ile	4994957	4995033
CP142009.1_tRNA35_Ala	4995053	4995128
