seq_name	n_genes	n_uscg	n_plasmid_hallmarks	n_virus_hallmarks	genetic_code	strand_switch_rate	coding_density	no_rbs_freq	sd_bacteroidetes_rbs_freq	sd_canonical_rbs_freq	tatata_rbs_freq	cc_marker_freq	cp_marker_freq	cv_marker_freq	pc_marker_freq	pp_marker_freq	pv_marker_freq	vc_marker_freq	vp_marker_freq	vv_marker_freq	c_marker_freq	p_marker_freq	v_marker_freq	median_c_spm	median_p_spm	median_v_spm	v_vs_c_score_logistic	v_vs_p_score_logistic	p_vs_c_score_logistic	gv_marker_freq	marker_enrichment_c	marker_enrichment_p	marker_enrichment_v
JAYISH010000001.1	214	6	2	0	11	0.3052	0.8558	0.2757	0.0000	0.7243	0.0000	0.0467	0.2710	0.0234	0.0514	0.0047	0.0000	0.0047	0.0000	0.0093	0.3411	0.0561	0.0140	0.8002	0.5924	0.0000	0.0000	0.0000	0.0000	0.0000	38.6109	-56.3774	-221.6692
JAYISH010000002.1	189	1	1	0	11	0.2660	0.8483	0.2857	0.0000	0.7143	0.0000	0.0635	0.2804	0.0212	0.0582	0.0106	0.0000	0.0106	0.0000	0.0053	0.3651	0.0688	0.0159	0.7724	0.6259	0.0000	0.0000	0.0000	0.0000	0.0000	24.2490	-42.4367	-217.3439
JAYISH010000003.1	196	3	0	0	11	0.2923	0.8468	0.2551	0.0000	0.7449	0.0000	0.0714	0.3061	0.0408	0.0510	0.0000	0.0000	0.0102	0.0000	0.0102	0.4184	0.0510	0.0204	0.7806	0.6010	0.0000	0.0000	0.0000	0.0000	0.0051	39.5177	-67.3736	-237.6024
JAYISH010000004.1	126	0	0	0	11	0.3040	0.8814	0.3016	0.0000	0.6984	0.0000	0.0159	0.3492	0.0317	0.0635	0.0000	0.0000	0.0079	0.0079	0.0317	0.3968	0.0635	0.0476	0.7669	0.6218	0.0000	0.0000	0.0000	0.0002	0.0079	4.5297	-31.4897	-153.9503
JAYISH010000005.1	141	1	0	0	11	0.3500	0.8445	0.3333	0.0000	0.6667	0.0000	0.0780	0.3050	0.0142	0.0638	0.0142	0.0000	0.0000	0.0000	0.0000	0.3972	0.0780	0.0000	0.7781	0.6282	0.0000	0.0000	0.0000	0.0000	0.0000	24.8131	-28.8302	-176.8040
JAYISH010000006.1	145	1	0	0	11	0.2917	0.8368	0.2621	0.0000	0.7379	0.0000	0.0483	0.2966	0.0138	0.0345	0.0069	0.0000	0.0138	0.0000	0.0207	0.3586	0.0414	0.0345	0.7793	0.5942	0.0000	0.0000	0.0000	0.0000	0.0000	18.6894	-40.7122	-150.3516
JAYISH010000007.1	129	1	0	0	11	0.2344	0.8909	0.3333	0.0000	0.6667	0.0000	0.0543	0.3411	0.0233	0.0620	0.0000	0.0000	0.0000	0.0000	0.0155	0.4186	0.0620	0.0155	0.7869	0.6089	0.0000	0.0000	0.0000	0.0000	0.0000	23.3427	-35.7980	-166.7308
JAYISH010000008.1	99	1	1	0	11	0.2755	0.8741	0.3434	0.0000	0.6566	0.0000	0.1010	0.3232	0.0101	0.0808	0.0000	0.0000	0.0303	0.0000	0.0202	0.4343	0.0808	0.0505	0.7663	0.5783	0.0000	0.0000	0.0000	0.0000	0.0101	17.0204	-36.5647	-131.6852
JAYISH010000009.1	97	2	0	0	11	0.3438	0.8295	0.2474	0.0000	0.7526	0.0000	0.0722	0.2887	0.0619	0.0309	0.0103	0.0000	0.0103	0.0000	0.0103	0.4227	0.0412	0.0206	0.7961	0.5793	0.0000	0.0000	0.0000	0.0000	0.0000	24.2975	-41.6126	-109.9869
JAYISH010000010.1	96	4	1	0	11	0.3789	0.8592	0.3229	0.0000	0.6771	0.0000	0.0208	0.2812	0.0312	0.0521	0.0104	0.0000	0.0208	0.0000	0.0000	0.3333	0.0625	0.0208	0.7856	0.5514	0.0000	0.0000	0.0000	0.0001	0.0000	14.0498	-25.3361	-101.0463
JAYISH010000011.1	89	1	0	0	11	0.2841	0.8626	0.2921	0.0000	0.7079	0.0000	0.0337	0.1685	0.0337	0.0449	0.0000	0.0000	0.0225	0.0000	0.0112	0.2360	0.0449	0.0337	0.8122	0.5449	0.0000	0.0000	0.0042	0.0008	0.0000	7.9069	-25.0723	-59.9209
JAYISH010000012.1	87	0	0	0	11	0.2674	0.8635	0.3103	0.0000	0.6897	0.0000	0.1379	0.3448	0.0460	0.0460	0.0000	0.0000	0.0000	0.0000	0.0000	0.5287	0.0460	0.0000	0.8078	0.5895	0.0000	0.0000	0.0000	0.0000	0.0000	31.5653	-36.6188	-127.0020
JAYISH010000013.1	75	0	0	0	11	0.4459	0.8662	0.3733	0.0000	0.6267	0.0000	0.0267	0.4267	0.0000	0.0400	0.0000	0.0000	0.0133	0.0000	0.0000	0.4533	0.0400	0.0133	0.7989	0.5987	0.0000	0.0000	0.0000	0.0007	0.0000	13.0568	-16.8104	-107.3163
JAYISH010000014.1	76	4	0	0	11	0.2000	0.8738	0.3158	0.0000	0.6842	0.0000	0.0526	0.2237	0.0658	0.0789	0.0000	0.0000	0.0263	0.0000	0.0000	0.3421	0.0789	0.0263	0.7610	0.6135	0.0000	0.0000	0.0001	0.0004	0.0000	11.2334	-25.5216	-81.4150
JAYISH010000015.1	83	2	0	0	11	0.2195	0.8738	0.2771	0.0000	0.7229	0.0000	0.0361	0.2651	0.0120	0.0482	0.0241	0.0120	0.0120	0.0000	0.0120	0.3133	0.0843	0.0241	0.8249	0.5652	0.0000	0.0000	0.0000	0.0015	0.0000	8.2659	-18.8291	-84.8534
JAYISH010000016.1	74	0	0	0	11	0.4247	0.7792	0.3784	0.0000	0.6216	0.0000	0.0270	0.2703	0.0135	0.0135	0.0000	0.0000	0.0000	0.0000	0.0000	0.3108	0.0135	0.0000	0.7561	0.6545	0.0000	0.0000	0.0000	0.0394	0.0000	5.8033	-7.7775	-68.4261
JAYISH010000017.1	68	0	0	2	11	0.2985	0.8410	0.2500	0.0000	0.7500	0.0000	0.0441	0.2647	0.0735	0.0588	0.0147	0.0000	0.0441	0.0147	0.0147	0.3824	0.0735	0.0735	0.8045	0.5576	0.0000	0.0000	0.0023	0.0001	0.0000	8.3095	-33.5010	-72.7973
JAYISH010000018.1	77	0	0	0	11	0.2763	0.8863	0.4026	0.0000	0.5974	0.0000	0.0909	0.2208	0.0260	0.0130	0.0000	0.0000	0.0519	0.0000	0.0130	0.3377	0.0130	0.0649	0.8124	0.3730	0.0000	0.0000	0.0246	0.0000	0.0000	17.9729	-37.7207	-63.9350
JAYISH010000019.1	77	1	0	0	11	0.2368	0.8804	0.4026	0.0000	0.5974	0.0000	0.0390	0.3377	0.0260	0.0519	0.0000	0.0000	0.0000	0.0000	0.0000	0.4026	0.0519	0.0000	0.7992	0.6010	0.0000	0.0000	0.0000	0.0001	0.0000	16.2858	-20.8815	-95.1202
JAYISH010000020.1	56	0	0	1	11	0.3273	0.8480	0.3214	0.0000	0.6786	0.0000	0.0893	0.3214	0.0179	0.0357	0.0000	0.0000	0.0000	0.0000	0.0536	0.4286	0.0357	0.0536	0.7846	0.5835	0.0000	0.0000	0.0017	0.0005	0.0000	9.0047	-21.4142	-65.1975
JAYISH010000021.1	76	1	0	0	11	0.3067	0.8937	0.3421	0.0000	0.6579	0.0000	0.0526	0.2763	0.0000	0.0526	0.0000	0.0000	0.0263	0.0000	0.0132	0.3289	0.0526	0.0395	0.7699	0.5982	0.0000	0.0000	0.0001	0.0009	0.0000	9.5290	-20.2251	-77.0723
JAYISH010000022.1	49	0	0	1	11	0.3125	0.8883	0.2857	0.0000	0.7143	0.0000	0.0204	0.2857	0.0204	0.0204	0.0000	0.0000	0.0000	0.0204	0.0000	0.3265	0.0204	0.0204	0.7647	0.6240	0.0000	0.0001	0.0042	0.0225	0.0000	4.4831	-10.8113	-45.6192
JAYISH010000023.1	54	0	0	0	11	0.2830	0.8314	0.2037	0.0000	0.7963	0.0000	0.0556	0.3704	0.0000	0.0000	0.0000	0.0185	0.0185	0.0000	0.0000	0.4259	0.0185	0.0185	0.7834	0.6216	0.0000	0.0000	0.0002	0.0029	0.0000	9.2273	-14.2538	-65.2739
JAYISH010000024.1	61	3	0	0	11	0.2500	0.8542	0.3279	0.0000	0.6721	0.0000	0.0984	0.2787	0.0328	0.0984	0.0000	0.0000	0.0328	0.0000	0.0000	0.4098	0.0984	0.0328	0.8272	0.5393	0.0000	0.0000	0.0001	0.0002	0.0000	14.4003	-23.5804	-79.5946
JAYISH010000025.1	70	1	0	1	11	0.2754	0.8633	0.2857	0.0000	0.7143	0.0000	0.0429	0.2571	0.0286	0.0429	0.0000	0.0000	0.0286	0.0000	0.0143	0.3286	0.0429	0.0429	0.8278	0.3180	0.0000	0.0000	0.0039	0.0001	0.0000	12.6435	-26.9064	-63.1843
JAYISH010000026.1	58	0	0	0	11	0.3860	0.8855	0.3276	0.0000	0.6724	0.0000	0.1379	0.3448	0.0172	0.0172	0.0000	0.0000	0.0517	0.0000	0.0517	0.5000	0.0172	0.1034	0.8849	0.3111	0.0000	0.0000	0.0783	0.0000	0.0517	20.1995	-42.6895	-67.5337
JAYISH010000027.1	48	0	0	0	11	0.2553	0.8716	0.3333	0.0000	0.6667	0.0000	0.0417	0.3125	0.0000	0.0000	0.0208	0.0000	0.0000	0.0000	0.0208	0.3542	0.0208	0.0208	0.7693	0.6307	0.0000	0.0001	0.0011	0.0831	0.0000	2.9779	-6.7546	-48.6791
JAYISH010000028.1	56	3	6	0	11	0.1273	0.8889	0.1071	0.0000	0.8929	0.0000	0.1429	0.2857	0.0536	0.0714	0.0536	0.0000	0.0000	0.0000	0.0000	0.4821	0.1250	0.0000	0.8522	0.5232	0.0000	0.0000	0.0000	0.0001	0.0000	17.1121	-21.7147	-80.7495
JAYISH010000029.1	55	1	0	0	11	0.2407	0.8816	0.2909	0.0000	0.7091	0.0000	0.0727	0.2182	0.0727	0.0000	0.0000	0.0000	0.0545	0.0000	0.0000	0.3636	0.0000	0.0545	0.8419	0.4667	0.0000	0.0000	0.0635	0.0001	0.0000	12.5426	-29.4320	-46.1529
JAYISH010000030.1	46	1	0	0	11	0.2889	0.8715	0.3261	0.0000	0.6739	0.0000	0.0217	0.3043	0.0217	0.0435	0.0000	0.0000	0.0435	0.0000	0.0000	0.3478	0.0435	0.0435	0.7895	0.5901	0.0000	0.0000	0.0047	0.0082	0.0000	6.4678	-15.2739	-49.4546
JAYISH010000031.1	46	1	0	0	11	0.2444	0.8806	0.2609	0.0000	0.7391	0.0000	0.0652	0.1957	0.0000	0.0435	0.0000	0.0000	0.0000	0.0000	0.0217	0.2609	0.0435	0.0217	0.7572	0.5129	0.0000	0.0004	0.0138	0.0292	0.0000	5.2928	-8.7293	-36.1347
JAYISH010000032.1	44	0	0	0	11	0.3256	0.8550	0.3636	0.0000	0.6364	0.0000	0.0227	0.2727	0.0227	0.0455	0.0000	0.0000	0.0000	0.0000	0.0000	0.3182	0.0455	0.0000	0.8109	0.5831	0.0000	0.0001	0.0029	0.0247	0.0000	6.8079	-8.7500	-44.2936
JAYISH010000033.1	53	1	0	0	11	0.3462	0.7940	0.3396	0.0000	0.6604	0.0000	0.0189	0.2264	0.0189	0.1321	0.0189	0.0000	0.0000	0.0000	0.0000	0.2642	0.1509	0.0000	0.6643	0.7474	0.0000	0.0000	0.0000	0.2549	0.0000	1.6287	-3.5006	-60.5657
JAYISH010000034.1	43	0	0	0	11	0.2619	0.8969	0.4186	0.0000	0.5814	0.0000	0.0000	0.4419	0.0233	0.0698	0.0000	0.0000	0.0000	0.0000	0.0000	0.4651	0.0698	0.0000	0.7486	0.6630	0.0000	0.0000	0.0000	0.1758	0.0000	2.6900	-4.1168	-67.8770
JAYISH010000035.1	44	0	1	0	11	0.4651	0.7867	0.2273	0.0000	0.7727	0.0000	0.0227	0.3182	0.0000	0.0909	0.0000	0.0000	0.0227	0.0000	0.0000	0.3409	0.0909	0.0227	0.6650	0.7085	0.0000	0.0001	0.0002	0.2530	0.0000	0.7210	-4.4272	-54.1013
JAYISH010000036.1	53	0	0	8	11	0.3462	0.8926	0.3019	0.0000	0.6981	0.0000	0.0377	0.2453	0.0000	0.0000	0.0189	0.0000	0.0000	0.1698	0.1132	0.2830	0.0189	0.2830	0.0524	0.2676	0.1216	0.9020	0.9955	0.0396	0.0000	-23.5509	-31.9387	-21.8378
JAYISH010000037.1	45	1	0	0	11	0.2045	0.8657	0.2000	0.0000	0.8000	0.0000	0.0444	0.3111	0.0222	0.0222	0.0000	0.0222	0.0444	0.0000	0.0222	0.3778	0.0444	0.0667	0.7997	0.5869	0.0000	0.0001	0.0102	0.0057	0.0000	4.5141	-17.8941	-47.9071
JAYISH010000038.1	48	0	0	1	11	0.4043	0.8643	0.2500	0.0000	0.7500	0.0000	0.0417	0.1458	0.0208	0.0208	0.0000	0.0000	0.0000	0.0000	0.0417	0.2083	0.0208	0.0417	0.8469	0.5105	0.0000	0.0066	0.1360	0.0404	0.0000	2.5594	-10.7825	-24.6897
JAYISH010000039.1	54	0	0	0	11	0.3208	0.8370	0.2222	0.0000	0.7778	0.0000	0.0741	0.2407	0.0370	0.0370	0.0000	0.0000	0.0000	0.0000	0.0000	0.3519	0.0370	0.0000	0.7905	0.6125	0.0000	0.0000	0.0013	0.0019	0.0000	11.8414	-14.2623	-53.9303
JAYISH010000040.1	47	0	1	0	11	0.4130	0.8013	0.1702	0.0000	0.8298	0.0000	0.0000	0.1489	0.0000	0.1277	0.0000	0.0000	0.0000	0.0000	0.0638	0.1489	0.1277	0.0638	0.5575	0.6684	0.0000	0.0545	0.0058	0.9082	0.0213	-9.7377	-0.5720	-32.9417
JAYISH010000041.1	44	0	6	4	11	0.3023	0.8654	0.0909	0.0000	0.9091	0.0000	0.0227	0.1136	0.0227	0.1591	0.0227	0.0000	0.0000	0.0909	0.2045	0.1591	0.1818	0.2955	0.2193	0.3374	0.1532	0.9860	0.8680	0.9148	0.0000	-29.3182	-17.5260	-18.7028
JAYISH010000042.1	41	0	0	0	11	0.2750	0.7935	0.3659	0.0000	0.6341	0.0000	0.0000	0.2927	0.0000	0.1220	0.0000	0.0000	0.0000	0.0000	0.0000	0.2927	0.1220	0.0000	0.6547	0.7559	0.0000	0.0001	0.0002	0.3819	0.0000	0.9626	-0.9626	-50.2515
JAYISH010000043.1	40	0	0	1	11	0.2308	0.8513	0.2500	0.0000	0.7500	0.0000	0.0500	0.3750	0.0250	0.1500	0.0250	0.0000	0.0250	0.0000	0.0000	0.4500	0.1750	0.0250	0.6537	0.7527	0.0000	0.0000	0.0000	0.3309	0.0000	-0.4959	-5.0539	-69.0597
JAYISH010000044.1	34	0	0	0	11	0.1818	0.8556	0.2353	0.0000	0.7647	0.0000	0.0882	0.2941	0.0294	0.0000	0.0000	0.0000	0.0294	0.0000	0.0588	0.4118	0.0000	0.0882	0.8368	0.3087	0.0000	0.0005	0.2114	0.0020	0.0294	7.4144	-19.5049	-31.6466
JAYISH010000045.1	34	0	0	0	11	0.2424	0.8657	0.3235	0.0000	0.6765	0.0000	0.1176	0.3235	0.0294	0.0000	0.0000	0.0000	0.0000	0.0000	0.0000	0.4706	0.0000	0.0000	0.8180	0.5751	0.0000	0.0000	0.0102	0.0030	0.0000	11.0837	-12.8386	-41.4435
JAYISH010000046.1	20	0	0	0	11	0.4737	0.8155	0.2000	0.0000	0.8000	0.0000	0.0000	0.3500	0.0500	0.0500	0.0000	0.0000	0.0000	0.0000	0.0000	0.4000	0.0500	0.0000	0.7718	0.6359	0.0000	0.0089	0.0248	0.2621	0.0000	1.5566	-3.3143	-24.8057
JAYISH010000047.1	25	0	0	0	11	0.0417	0.8221	0.2000	0.0000	0.8000	0.0000	0.0400	0.3600	0.0000	0.1200	0.0000	0.0000	0.0000	0.0000	0.0000	0.4000	0.1200	0.0000	0.6060	0.7955	0.0000	0.0019	0.0010	0.6444	0.0000	-1.1886	1.1886	-38.3712
JAYISH010000048.1	28	0	0	0	11	0.2222	0.8604	0.2143	0.0000	0.7857	0.0000	0.0000	0.3571	0.0000	0.0714	0.0000	0.0000	0.0000	0.0000	0.0000	0.3571	0.0714	0.0000	0.6361	0.7713	0.0000	0.0038	0.0013	0.7511	0.0000	-2.2085	2.2085	-36.2695
JAYISH010000049.1	30	0	0	0	11	0.3448	0.8571	0.4333	0.0000	0.5667	0.0000	0.0333	0.3333	0.0000	0.0333	0.0000	0.0000	0.0000	0.0000	0.0000	0.3667	0.0333	0.0000	0.7850	0.6193	0.0000	0.0009	0.0066	0.1178	0.0000	4.0272	-4.0272	-34.5843
JAYISH010000050.1	28	0	0	0	11	0.1481	0.8486	0.2500	0.0000	0.7500	0.0000	0.0714	0.3929	0.0357	0.0357	0.0000	0.0000	0.0000	0.0000	0.0000	0.5000	0.0357	0.0000	0.8069	0.5907	0.0000	0.0001	0.0050	0.0242	0.0000	6.9460	-8.4778	-40.4610
JAYISH010000051.1	25	0	0	0	11	0.3750	0.8293	0.1200	0.0000	0.8800	0.0000	0.0800	0.2000	0.0000	0.0000	0.0000	0.0000	0.0000	0.0000	0.0400	0.2800	0.0000	0.0400	0.7897	0.4542	0.0000	0.0208	0.2269	0.0675	0.0000	3.5344	-6.9710	-16.5548
JAYISH010000052.1	34	0	0	0	11	0.2727	0.8689	0.2353	0.0000	0.7647	0.0000	0.0294	0.5000	0.0294	0.0294	0.0000	0.0000	0.0588	0.0000	0.0000	0.5588	0.0294	0.0588	0.8546	0.4660	0.0000	0.0000	0.0048	0.0007	0.0000	11.8478	-19.9660	-55.2723
JAYISH010000053.1	31	0	0	0	11	0.4000	0.8832	0.3548	0.0000	0.6452	0.0000	0.0968	0.1613	0.0000	0.0645	0.0000	0.0000	0.0000	0.0000	0.0000	0.2581	0.0645	0.0000	0.8006	0.5988	0.0000	0.0024	0.0260	0.0812	0.0000	4.8524	-4.8524	-25.7753
JAYISH010000054.1	26	0	0	0	11	0.1600	0.9354	0.3462	0.0000	0.6538	0.0000	0.0385	0.3077	0.0385	0.0769	0.0000	0.0000	0.0000	0.0000	0.0000	0.3846	0.0769	0.0000	0.8057	0.5922	0.0000	0.0015	0.0115	0.1144	0.0000	3.3651	-5.7743	-32.0265
JAYISH010000055.1	25	0	0	0	11	0.0000	0.8906	0.3200	0.0000	0.6800	0.0000	0.0400	0.5600	0.0000	0.0400	0.0000	0.0000	0.0000	0.0000	0.0000	0.6000	0.0400	0.0000	0.7846	0.6200	0.0000	0.0001	0.0017	0.0313	0.0000	6.8679	-6.8679	-47.4004
JAYISH010000056.1	31	0	0	0	11	0.2000	0.8261	0.1290	0.0000	0.8710	0.0000	0.0000	0.0323	0.0000	0.1613	0.0645	0.0000	0.0000	0.0000	0.0000	0.0323	0.2258	0.0000	0.3626	0.9316	0.0000	0.1376	0.0027	0.9832	0.0000	-8.1407	8.1407	-20.3951
JAYISH010000057.1	40	24	0	0	11	0.1282	0.8387	0.1000	0.0000	0.9000	0.0000	0.3500	0.1750	0.2000	0.0000	0.0000	0.0000	0.0000	0.0000	0.0000	0.7250	0.0000	0.0000	0.9777	0.0000	0.0000	0.0000	0.3223	0.0000	0.0000	41.0943	-49.4122	-53.7188
JAYISH010000058.1	26	0	0	0	11	0.5200	0.8386	0.3462	0.0000	0.6538	0.0000	0.0000	0.2692	0.0000	0.3077	0.0000	0.0000	0.0385	0.0000	0.0000	0.2692	0.3077	0.0385	0.6026	0.7870	0.0000	0.0022	0.0003	0.8857	0.0000	-5.3401	1.8415	-42.6153
JAYISH010000059.1	20	0	0	0	11	0.2632	0.7919	0.4500	0.0000	0.5500	0.0000	0.0000	0.3000	0.0000	0.2000	0.0000	0.0000	0.0000	0.0000	0.0000	0.3000	0.2000	0.0000	0.6433	0.7655	0.0000	0.0072	0.0053	0.5753	0.0000	-0.6072	0.6072	-29.5939
JAYISH010000060.1	23	0	0	0	11	0.3636	0.8512	0.3043	0.0000	0.6957	0.0000	0.0000	0.2609	0.0000	0.0000	0.0000	0.0000	0.0000	0.0000	0.0000	0.2609	0.0000	0.0000	0.6479	0.7617	0.0000	0.0477	0.0409	0.5398	0.0000	-0.3193	0.3193	-18.4108
JAYISH010000061.1	20	0	0	0	11	0.1579	0.8066	0.2500	0.0000	0.7500	0.0000	0.0000	0.2500	0.0500	0.0000	0.0000	0.0000	0.0000	0.0000	0.0000	0.3000	0.0000	0.0000	0.7734	0.6320	0.0000	0.0408	0.1346	0.2148	0.0000	1.8780	-4.2503	-15.3973
JAYISH010000062.1	26	0	0	3	11	0.1600	0.8804	0.1538	0.0000	0.8462	0.0000	0.0769	0.1154	0.0000	0.0000	0.0000	0.0385	0.0385	0.0769	0.3077	0.1923	0.0385	0.4231	0.0356	0.0000	0.9721	0.9965	0.9993	0.1724	0.0000	-18.8563	-22.9387	3.9692
JAYISH010000063.1	19	1	0	0	11	0.2222	0.8477	0.1579	0.0000	0.8421	0.0000	0.0000	0.2105	0.1579	0.0000	0.0526	0.0000	0.0000	0.0000	0.0000	0.3684	0.0526	0.0000	0.7360	0.6693	0.0000	0.0282	0.0883	0.2303	0.0000	1.0417	-5.8737	-17.2110
JAYISH010000064.1	24	0	11	0	11	0.1304	0.9425	0.0417	0.0000	0.9583	0.0000	0.0000	0.0000	0.0000	0.5833	0.2500	0.0000	0.0000	0.0000	0.0000	0.0000	0.8333	0.0000	0.3249	0.9456	0.0000	0.0391	0.0000	1.0000	0.0000	-25.6088	25.6088	-48.4836
JAYISH010000065.1	25	0	2	0	11	0.3750	0.7565	0.0800	0.0000	0.9200	0.0000	0.0000	0.0400	0.0000	0.0800	0.2000	0.0000	0.0000	0.0000	0.0000	0.0400	0.2800	0.0000	0.1529	0.9878	0.0000	0.2175	0.0020	0.9928	0.0000	-9.8486	9.8486	-18.3910
JAYISH010000066.1	13	0	0	0	11	0.1667	0.8626	0.2308	0.0000	0.7692	0.0000	0.0769	0.5385	0.0769	0.0000	0.0000	0.0000	0.0000	0.0000	0.0000	0.6923	0.0000	0.0000	0.6579	0.7531	0.0000	0.0057	0.0338	0.1398	0.0000	3.3503	-4.3823	-24.1170
JAYISH010000067.1	20	0	0	0	11	0.6316	0.8248	0.1000	0.0000	0.9000	0.0000	0.0000	0.1000	0.0000	0.0500	0.0000	0.0000	0.0000	0.0000	0.0000	0.1000	0.0500	0.0000	0.6509	0.7592	0.0000	0.1896	0.1664	0.5397	0.0000	-0.3181	0.3181	-9.0746
JAYISH010000068.1	17	0	0	0	11	0.3125	0.8948	0.1765	0.0000	0.8235	0.0000	0.1176	0.1176	0.0000	0.0000	0.0000	0.0000	0.0000	0.0000	0.0000	0.2353	0.0000	0.0000	0.9247	0.2638	0.0000	0.0476	0.3178	0.0969	0.0000	4.4636	-4.4636	-9.4608
JAYISH010000069.1	13	4	0	0	11	0.0000	0.8912	0.1538	0.0000	0.8462	0.0000	0.1538	0.0000	0.3846	0.0000	0.0000	0.0000	0.0000	0.0000	0.0000	0.5385	0.0000	0.0000	0.9613	0.0000	0.2755	0.0176	0.8004	0.0044	0.0000	8.0466	-17.6757	-8.0466
JAYISH010000070.1	12	0	0	0	11	0.0909	0.8189	0.4167	0.0000	0.5833	0.0000	0.0000	0.2500	0.0000	0.0000	0.0000	0.0000	0.0833	0.0000	0.0000	0.2500	0.0000	0.0833	0.6849	0.6402	0.0000	0.2764	0.3306	0.4361	0.0000	-1.0757	-2.6765	-8.0150
JAYISH010000071.1	8	0	0	0	11	0.4286	0.8964	0.3750	0.0000	0.6250	0.0000	0.0000	0.2500	0.0000	0.0000	0.0000	0.0000	0.0000	0.0000	0.0000	0.2500	0.0000	0.0000	0.7414	0.6711	0.0000	0.2500	0.2776	0.4644	0.0000	0.2850	-0.2850	-6.2124
JAYISH010000072.1	19	0	0	0	11	0.4444	0.8785	0.1053	0.0000	0.8947	0.0000	0.0000	0.0000	0.0000	0.0526	0.0000	0.0000	0.0000	0.0000	0.0000	0.0000	0.0526	0.0000	0.4686	0.8834	0.0000	0.4258	0.3297	0.6013	0.0000	-0.8214	0.8214	-2.8651
JAYISH010000073.1	12	0	0	0	11	0.0000	0.9167	0.2500	0.0000	0.7500	0.0000	0.0000	0.0833	0.0000	0.0833	0.0000	0.0000	0.0000	0.0000	0.0000	0.0833	0.0833	0.0000	0.5514	0.8320	0.0000	0.3235	0.2143	0.6368	0.0000	-1.1230	1.1230	-5.9781
JAYISH010000074.1	11	0	0	0	11	0.4000	0.7410	0.2727	0.0000	0.7273	0.0000	0.0909	0.1818	0.0000	0.0000	0.0000	0.0000	0.0000	0.0000	0.0000	0.2727	0.0000	0.0000	0.8289	0.5594	0.0000	0.1044	0.3207	0.1981	0.0000	2.7969	-2.7969	-7.7355
JAYISH010000075.1	10	0	0	0	11	0.1111	0.9409	0.2000	0.0000	0.8000	0.0000	0.0000	0.0000	0.0000	0.1000	0.1000	0.0000	0.0000	0.1000	0.0000	0.0000	0.2000	0.1000	0.0020	0.8895	0.0000	0.5981	0.2292	0.8335	0.0000	-5.4918	1.8417	-3.8386
JAYISH010000076.1	9	0	0	0	11	0.6250	0.9099	0.4444	0.0000	0.5556	0.0000	0.1111	0.3333	0.0000	0.0000	0.0000	0.0000	0.0000	0.0000	0.0000	0.4444	0.0000	0.0000	0.7612	0.6300	0.0000	0.0775	0.1898	0.2638	0.0000	2.0527	-2.0527	-10.8610
JAYISH010000077.1	5	0	0	0	11	0.5000	0.7419	0.0000	0.0000	1.0000	0.0000	0.0000	0.0000	0.0000	0.0000	0.0000	0.0000	0.0000	0.0000	0.0000	0.0000	0.0000	0.0000	0.0000	0.0000	0.0000	0.5000	0.5000	0.5000	0.0000	0.0000	0.0000	0.0000
JAYISH010000078.1	8	0	0	0	11	0.4286	0.8018	0.2500	0.0000	0.7500	0.0000	0.0000	0.2500	0.0000	0.0000	0.1250	0.0000	0.0000	0.0000	0.0000	0.2500	0.1250	0.0000	0.7466	0.6652	0.0000	0.2464	0.1424	0.6632	0.0000	-1.3549	1.3549	-7.9209
JAYISH010000079.1	8	0	0	0	11	0.4286	0.8439	0.3750	0.0000	0.6250	0.0000	0.0000	0.0000	0.0000	0.0000	0.0000	0.1250	0.0000	0.0000	0.0000	0.0000	0.1250	0.0000	0.0000	0.8868	0.4621	0.5729	0.3965	0.6712	0.0000	-2.8532	0.8399	-0.8399
JAYISH010000080.1	11	0	0	0	11	0.6000	0.8992	0.3636	0.0000	0.6364	0.0000	0.0000	0.0000	0.0000	0.0000	0.0000	0.0909	0.0000	0.0000	0.0000	0.0000	0.0909	0.0000	0.0150	0.9387	0.3444	0.5493	0.3606	0.6837	0.0000	-2.5927	1.1242	-1.1842
JAYISH010000081.1	7	0	0	0	11	0.1667	0.8056	0.5714	0.0000	0.4286	0.0000	0.0000	0.2857	0.0000	0.1429	0.0000	0.0000	0.0000	0.0000	0.0000	0.2857	0.1429	0.0000	0.6268	0.7792	0.0000	0.2626	0.1210	0.7211	0.0000	-1.9003	1.9003	-8.5867
JAYISH010000082.1	8	0	0	0	11	0.1429	0.9162	0.2500	0.0000	0.7500	0.0000	0.0000	0.2500	0.0000	0.2500	0.0000	0.0000	0.0000	0.0000	0.0000	0.2500	0.2500	0.0000	0.6234	0.7810	0.0000	0.1384	0.0935	0.6090	0.0000	-0.8861	0.8861	-12.2882
JAYISH010000083.1	6	0	0	0	11	0.6000	0.7523	0.1667	0.0000	0.8333	0.0000	0.0000	0.0000	0.0000	0.1667	0.5000	0.0000	0.0000	0.0000	0.0000	0.0000	0.6667	0.0000	0.0936	0.9946	0.0000	0.3806	0.0392	0.9377	0.0000	-5.4218	5.4218	-8.6935
JAYISH010000084.1	7	0	0	0	11	0.3333	0.8876	0.1429	0.0000	0.8571	0.0000	0.0000	0.0000	0.0000	0.0000	0.0000	0.0000	0.0000	0.0000	0.1429	0.0000	0.0000	0.1429	0.0000	0.0000	1.0000	0.7025	0.7025	0.5000	0.0000	-1.7183	-1.7183	1.7183
JAYISH010000085.1	2	0	0	0	11	0.0000	0.1132	1.0000	0.0000	0.0000	0.0000	0.0000	0.5000	0.0000	0.0000	0.0000	0.0000	0.0000	0.0000	0.0000	0.5000	0.0000	0.0000	0.6315	0.7753	0.0000	0.3917	0.3576	0.5363	0.0000	-0.2908	0.2908	-3.0829
JAYISH010000086.1	6	0	0	4	11	0.2000	0.8503	1.0000	0.0000	0.0000	0.0000	0.0000	0.0000	0.0000	0.0000	0.0000	0.0000	0.0000	0.1667	0.6667	0.0000	0.0000	0.8333	0.0034	0.1771	0.9841	0.9851	0.9797	0.5786	0.0000	-10.1677	-7.8474	7.7122
JAYISH010000087.1	8	0	1	0	11	0.2857	0.7536	0.2500	0.0000	0.7500	0.0000	0.0000	0.0000	0.0000	0.1250	0.0000	0.2500	0.0000	0.1250	0.1250	0.0000	0.3750	0.2500	0.0103	0.8966	0.2516	0.8331	0.3207	0.9136	0.0000	-10.4019	0.8764	-2.9390
JAYISH010000088.1	3	0	0	0	11	0.5000	0.6867	0.0000	0.0000	1.0000	0.0000	0.0000	0.0000	0.3333	0.0000	0.0000	0.0000	0.0000	0.0000	0.0000	0.3333	0.0000	0.0000	0.9430	0.0000	0.3327	0.3574	0.5492	0.3135	0.0000	1.1729	-2.5812	-1.1729
JAYISH010000089.1	4	0	0	0	11	0.0000	0.9062	0.2500	0.0000	0.7500	0.0000	0.0000	0.0000	0.0000	0.0000	0.0000	0.0000	0.0000	0.0000	0.0000	0.0000	0.0000	0.0000	0.0000	0.0000	0.0000	0.5000	0.5000	0.5000	0.0000	0.0000	0.0000	0.0000
JAYISH010000090.1	3	0	0	0	11	0.0000	0.7205	0.0000	0.0000	1.0000	0.0000	0.0000	0.0000	0.0000	0.0000	0.0000	0.0000	0.0000	0.0000	0.0000	0.0000	0.0000	0.0000	0.0000	0.0000	0.0000	0.5000	0.5000	0.5000	0.0000	0.0000	0.0000	0.0000
JAYISH010000091.1	3	0	0	0	11	0.5000	0.6578	0.3333	0.0000	0.6667	0.0000	0.0000	0.3333	0.0000	0.3333	0.0000	0.0000	0.0000	0.0000	0.0000	0.3333	0.3333	0.0000	0.6078	0.7935	0.0000	0.3022	0.2294	0.5926	0.0000	-0.7496	0.7496	-6.1211
JAYISH010000092.1	5	0	0	0	11	0.0000	0.7646	0.0000	0.0000	1.0000	0.0000	0.0000	0.0000	0.0000	0.0000	0.0000	0.0000	0.0000	0.0000	0.0000	0.0000	0.0000	0.0000	0.0000	0.0000	0.0000	0.5000	0.5000	0.5000	0.0000	0.0000	0.0000	0.0000
JAYISH010000093.1	4	0	0	0	11	0.3333	0.7981	0.5000	0.0000	0.5000	0.0000	0.0000	0.0000	0.0000	0.0000	0.0000	0.0000	0.0000	0.0000	0.0000	0.0000	0.0000	0.0000	0.0000	0.0000	0.0000	0.5000	0.5000	0.5000	0.0000	0.0000	0.0000	0.0000
JAYISH010000094.1	3	0	0	0	11	0.5000	0.8342	0.0000	0.0000	1.0000	0.0000	0.0000	0.0000	0.0000	0.0000	0.0000	0.0000	0.0000	0.0000	0.0000	0.0000	0.0000	0.0000	0.0000	0.0000	0.0000	0.5000	0.5000	0.5000	0.0000	0.0000	0.0000	0.0000
JAYISH010000095.1	2	0	0	0	11	1.0000	0.4923	0.5000	0.0000	0.5000	0.0000	0.0000	0.0000	0.0000	0.0000	0.0000	0.0000	0.0000	0.0000	0.0000	0.0000	0.0000	0.0000	0.0000	0.0000	0.0000	0.5000	0.5000	0.5000	0.0000	0.0000	0.0000	0.0000
JAYISH010000096.1	3	0	0	3	11	0.0000	0.7554	0.0000	0.0000	1.0000	0.0000	0.0000	0.0000	0.0000	0.0000	0.0000	0.0000	0.0000	0.3333	0.6667	0.0000	0.0000	1.0000	0.0023	0.1899	0.9789	0.9177	0.8975	0.5600	0.0000	-6.5147	-4.7476	4.1533
JAYISH010000097.1	3	0	0	0	11	0.0000	0.9432	0.3333	0.0000	0.6667	0.0000	0.0000	0.0000	0.0000	0.0000	0.0000	0.0000	0.0000	0.0000	0.0000	0.0000	0.0000	0.0000	0.0000	0.0000	0.0000	0.5000	0.5000	0.5000	0.0000	0.0000	0.0000	0.0000
JAYISH010000098.1	1	0	0	0	11	0.0000	0.7852	0.0000	0.0000	1.0000	0.0000	0.0000	0.0000	0.0000	0.0000	0.0000	0.0000	0.0000	0.0000	0.0000	0.0000	0.0000	0.0000	0.0000	0.0000	0.0000	0.5000	0.5000	0.5000	0.0000	0.0000	0.0000	0.0000
JAYISH010000099.1	3	0	0	0	11	0.5000	0.8552	0.3333	0.0000	0.6667	0.0000	0.0000	0.0000	0.0000	0.0000	0.0000	0.0000	0.0000	0.0000	0.0000	0.0000	0.0000	0.0000	0.0000	0.0000	0.0000	0.5000	0.5000	0.5000	0.0000	0.0000	0.0000	0.0000
JAYISH010000100.1	4	0	0	0	11	0.3333	0.6379	1.0000	0.0000	0.0000	0.0000	0.0000	0.0000	0.0000	0.0000	0.0000	0.2500	0.0000	0.0000	0.0000	0.0000	0.2500	0.0000	0.0000	0.9217	0.3880	0.5590	0.3729	0.6807	0.0000	-2.7051	1.0395	-1.0395
JAYISH010000101.1	3	0	0	0	11	0.5000	0.8662	0.3333	0.0000	0.6667	0.0000	0.0000	0.0000	0.0000	0.0000	0.0000	0.0000	0.0000	0.0000	0.0000	0.0000	0.0000	0.0000	0.0000	0.0000	0.0000	0.5000	0.5000	0.5000	0.0000	0.0000	0.0000	0.0000
JAYISH010000102.1	2	0	0	0	11	1.0000	0.8780	1.0000	0.0000	0.0000	0.0000	0.0000	0.0000	0.0000	0.0000	0.0000	0.0000	0.0000	0.0000	0.0000	0.0000	0.0000	0.0000	0.0000	0.0000	0.0000	0.5000	0.5000	0.5000	0.0000	0.0000	0.0000	0.0000
JAYISH010000103.1	2	0	0	0	11	0.0000	0.9062	0.5000	0.0000	0.5000	0.0000	0.0000	0.0000	0.0000	0.0000	0.0000	0.0000	0.0000	0.0000	0.0000	0.0000	0.0000	0.0000	0.0000	0.0000	0.0000	0.5000	0.5000	0.5000	0.0000	0.0000	0.0000	0.0000
JAYISH010000104.1	4	0	0	3	11	0.0000	0.9558	0.2500	0.0000	0.7500	0.0000	0.0000	0.0000	0.0000	0.0000	0.0000	0.0000	0.0000	0.5000	0.5000	0.0000	0.0000	1.0000	0.0619	0.2163	0.9723	0.9576	0.9480	0.5537	0.0000	-8.2875	-6.7260	5.4286
JAYISH010000105.1	2	0	0	0	11	1.0000	0.9522	0.5000	0.0000	0.5000	0.0000	0.0000	0.0000	0.0000	0.0000	0.0000	0.0000	0.0000	0.0000	0.0000	0.0000	0.0000	0.0000	0.0000	0.0000	0.0000	0.5000	0.5000	0.5000	0.0000	0.0000	0.0000	0.0000
JAYISH010000106.1	2	0	0	0	11	0.0000	0.6338	0.5000	0.0000	0.5000	0.0000	0.0000	0.0000	0.0000	0.0000	0.5000	0.0000	0.0000	0.0000	0.0000	0.0000	0.5000	0.0000	0.1839	0.9829	0.0000	0.4748	0.3024	0.6759	0.0000	-1.4703	1.4703	-2.2117
JAYISH010000107.1	1	0	0	0	11	0.0000	0.5626	0.0000	0.0000	1.0000	0.0000	0.0000	0.0000	0.0000	1.0000	0.0000	0.0000	0.0000	0.0000	0.0000	0.0000	1.0000	0.0000	0.5724	0.8199	0.0000	0.4046	0.3463	0.5619	0.0000	-0.4978	0.4978	-3.0241
JAYISH010000108.1	3	0	0	3	11	0.0000	0.8726	0.3333	0.0000	0.6667	0.0000	0.0000	0.0000	0.0000	0.0000	0.0000	0.0000	0.0000	0.6667	0.3333	0.0000	0.0000	1.0000	0.0122	0.2582	0.9661	0.9128	0.8962	0.5480	0.0000	-6.2840	-4.8974	4.0879
JAYISH010000109.1	4	0	0	0	11	0.0000	1.0198	0.5000	0.0000	0.5000	0.0000	0.0000	0.0000	0.0000	0.0000	0.0000	0.0000	0.0000	0.2500	0.5000	0.0000	0.0000	0.7500	0.0000	0.1984	0.9801	0.9250	0.9061	0.5610	0.0000	-6.3229	-4.5331	4.5331
JAYISH010000110.1	1	0	0	0	11	0.0000	0.9861	1.0000	0.0000	0.0000	0.0000	0.0000	0.0000	0.0000	0.0000	0.0000	0.0000	0.0000	0.0000	0.0000	0.0000	0.0000	0.0000	0.0000	0.0000	0.0000	0.5000	0.5000	0.5000	0.0000	0.0000	0.0000	0.0000
JAYISH010000111.1	2	0	0	0	11	0.0000	0.5970	0.0000	0.0000	1.0000	0.0000	0.0000	0.0000	0.0000	0.0000	0.0000	0.0000	0.0000	0.0000	0.0000	0.0000	0.0000	0.0000	0.0000	0.0000	0.0000	0.5000	0.5000	0.5000	0.0000	0.0000	0.0000	0.0000
